"G_ID","G_name","G_category","G_developer","G_rating","A_ID","A_name","A_category","A_developer","A_rating"
"a510","Candy Crush Saga","Casual","King","4.4","b1","Candy Crush Saga","Entertainment","King","4.70807"
"a657","Super Mario Run","Action","Nintendo Co., Ltd.","3.7","b2","Super Mario Run","Action","Nintendo Co., Ltd.","2.97468"
"a1680","Jetpack Joyride","Arcade","Halfbrick Studios","4.4","b3","Jetpack Joyride","Action","Halfbrick Studios","4.44339"
"a1662","Temple Run","Arcade","Imangi Studios","4.3","b6","Temple Run","Arcade","Imangi Studios, LLC","4.04039"
"a1697","Subway Surfers","Arcade","Kiloo","4.5","b7","Subway Surfers","Action","Kiloo","4.49335"
"a1543","Hill Climb Racing","Racing","Fingersoft","4.4","b8","Hill Climb Racing","Entertainment","Fingersoft","4.44643"
"a2433","Sonic Dash","Arcade","SEGA","4.4","b9","Sonic Dash","Action","SEGA","4.58676"
"a1243","Super Stickman Golf 2","Sports","Noodlecake Studios Inc","4.2","b12","Super Stickman Golf 2","Arcade","Noodlecake Studios Inc","4.6353"
"a2095","Demi Lovato: Path to Fame","Casual","Episode Interactive","4.5","b13","Demi Lovato: Path to Fame","Entertainment","Episode Interactive","3.94179"
"a1309","Real Boxing","Sports","Vivid Games S.A.","4.2","b14","Real Boxing","Action","Vivid Games S.A.","4.42387"
"a2322","Threes! Free","Puzzle","Sirvo llc","4.2","b66","Threes! Free","Card","Sirvo LLC","3.84068"
"a25","Wordox The Word Snatcher","Word","IsCool Entertainment","4.3","b86","Wordox The Word Snatcher","Entertainment","IsCool Entertainment","3321 Ratings"
"a2822","Mahjong Epic","Board","Kristanix Games","4.5","b115","Mahjong Epic","Games","Kristanix Games","4.67619"
"a209","Heroes of Camelot","Role Playing","Gaea Mobile Limited","4.3","b124","Heroes of Camelot","Card","Gaea Mobile Ltd","4.4"
"a1722","Flow Free: Bridges","Puzzle","Big Duck Games LLC","4.3","b136","Flow Free: Bridges","Entertainment","Big Duck Games LLC","4.66455"
"a3524","Unblock Me","Puzzle","Kiragames Co., Ltd.","4.5","b142","Unblock Me","Entertainment","Kiragames Co., Ltd.","4.76667"
"a1729","Flow Free: Hexes","Puzzle","Big Duck Games LLC","4.6","b147","Flow Free: Hexes","Entertainment","Big Duck Games LLC","4.70858"
"a1864","Jigsaw Puzzles Epic","Puzzle","Kristanix Games","4.5","b216","Jigsaw Puzzles Epic","Games","Kristanix Games","4.6048"
"a745","RISK: Global Domination","Strategy","SMG Studio","4.1","b227","RISK: Global Domination","Strategy","SMG Studio","3.73333"
"a2683","Slots Journey 2","Casino","Murka Ltd.","4.3","b255","Slots Journey 2","Casino","Murka Entertainment Limited","2.89744"
"a613","Yu-Gi-Oh! Duel Generation","Card","Konami Digital Entertainment, Inc.","4.3","b269","Yu-Gi-Oh! Duel Generation","Card","Konami Digital Entertainment","4.29155"
"a1426","Rival Stars Basketball","Sports","PIKPOK","4.5","b281","Rival Stars Basketball","Card","PikPok","4.81818"
"a1809","Jigty Jigsaw Puzzles","Puzzle","Outfit7","4.3","b285","Jigty Jigsaw Puzzles","Board","Outfit7 Limited","4.31429"
"a401","PewDiePie's Tuber Simulator","Casual","Outerminds Inc.","4.8","b346","PewDiePie's Tuber Simulator","Board","Outerminds Inc.","4.83784"
"a1448","WWE SuperCard","Sports","2K, Inc.","4.3","b369","WWE SuperCard","Entertainment","2K","4.06686"
"a1559","Chess With Friends Free","Board","Zynga","4.3","b370","Chess With Friends Free","Strategy","Zynga Inc.","4.1898"
"a2705","Bingo Rush 2","Casino","Playtika Santa Monica","4.2","b377","Bingo Rush 2","Entertainment","Playtika Santa Monica, LLC","3.8"
"a610","Spades Plus","Card","Peak Games","4.5","b393","Spades Plus","Games","Peak Games","5094 Ratings"
"a2272","Magic Jigsaw Puzzles","Puzzle","ZiMAD","4.4","b407","Magic Jigsaw Puzzles","Entertainment","ZiMAD","4.50169"
"a313","Block! Hexa Puzzle","Puzzle","BitMango","4.5","b409","Block! Hexa Puzzle","Board","BitMango","4.30809"
"a2677","Texas HoldEm Poker Deluxe","Casino","IGG.COM","4.5","b410","Texas HoldEm Poker Deluxe","Entertainment","IGG.COM","2.59091"
"a611","Pyramid Solitaire Saga","Card","King","4.4","b416","Pyramid Solitaire Saga","Entertainment","King","27200 Ratings"
"a2764","Fairway Solitaire Blast","Card","Big Fish Games","4.6","b418","Fairway Solitaire Blast","Inc","Big Fish Games, Inc","4.71752"
"a2814","Chess Free","Board","Optime Software","4.0","b419","Chess Free","Strategy","Optime Software LLC","3.97327"
"a2796","Checkers Free","Board","Optime Software","4.0","b422","Checkers Free","Entertainment","Optime Software LLC","3.89353"
"a1823","Two Dots","Puzzle","Playdots, Inc.","4.4","b433","Two Dots","Puzzle","Playdots, Inc.","4.21982"
"a2788","Rolling Sky","Board","Cheetah Games","4.5","b442","Rolling Sky","Music","Cheetah Technology Corporation Limited","4.51656"
"a1862","Unblock Me FREE","Puzzle","Kiragames Co., Ltd.","4.3","b444","Unblock Me FREE","Puzzle","Kiragames Co., Ltd.","4.75386"
"a306","Flow Free","Puzzle","Big Duck Games LLC","4.3","b445","Flow Free","Entertainment","Big Duck Games LLC","4.58575"
"a1442","Words With Friends Classic","Word","Zynga","4.3","b452","Words With Friends Classic","Word","Zynga Inc.","3.13605"
"a1497","Heads Up!","Word","Warner Bros. International Enterprises","4.1","b479","Heads Up!","Entertainment","Warner Bros.","4.62564"
"a2091","Tiny Tower Vegas","Casual","NimbleBit LLC","4.1","b489","Tiny Tower Vegas","Casino","NimbleBit LLC","4.58289"
"a2695","Bingo Blingo","Casino","Rockyou Inc.","4.1","b504","Bingo Blingo","Board","RockYou, Inc.","2.28571"
"a1288","Ace Fishing: Wild Catch","Sports","Com2uS USA","4.3","b511","Ace Fishing: Wild Catch","Action","Com2uS USA, Inc.","4.65"
"a1658","Running Fred","Arcade","Dedalord","4.3","b518","Running Fred","Entertainment","Dedalord S.R.L.","4.33025"
"a1249","Basketball Showdown","Sports","Naquatic LLC","4.1","b519","Basketball Showdown","Sports","Naquatic LLC","4.46539"
"a1334","Real Boxing 2 ROCKY","Sports","Vivid Games S.A.","4.3","b520","Real Boxing 2 ROCKY","Action","Vivid Games S.A.","3.66667"
"a1465","TAP SPORTS BASEBALL 2015","Sports","Glu","4.3","b526","Tap Sports Baseball 2015","Action","Glu Games Inc","4.34101"
"a199","Hot Wheels: Race Off","Racing","Hutch Games","4.4","b528","Hot Wheels: Race Off","Action","Hutch Games Ltd","4.44018"
"a2726","Bingo Pop","Casino","Uken Games","4.2","b540","Bingo Pop","Games","Uken Games","4.15385"
"a1087","MARVEL Future Fight","Role Playing","Netmarble Games","4.6","b542","MARVEL Future Fight","Action","Netmarble Games Corp.","4.13019"
"a2730","MONOPOLY Bingo!","Casino","Storm8 Studios","4.1","b557","MONOPOLY Bingo!","Entertainment","Storm8 Studios","4.27409"
"a2531","Zombie Road Trip","Racing","Noodlecake Studios Inc","4.3","b562","Zombie Road Trip","Entertainment","Noodlecake Studios Inc","4.33333"
"a965","Bloons TD 5","Strategy","ninja kiwi","4.6","b566","Bloons TD 5","Action","Ninja Kiwi","4.5913"
"a2600","Zombie Highway 2","Action","Auxbrain Inc","4.3","b594","Zombie Highway 2","Action","Auxbrain, Inc.","4.52542"
"a2034","F18 Carrier Landing Lite","Simulation","RORTOS","4.2","b599","F18 Carrier Landing Lite","Simulation","RORTOS SRL","4.24389"
"a1403","Score! Hero","Sports","First Touch","4.6","b605","Score! Hero","Sports","First Touch Games Ltd.","4.68614"
"a1941","Mad Skills Motocross 2","Racing","Turborilla","4.1","b607","Mad Skills Motocross 2","Racing","Turborilla","4.32468"
"a773","King of Thieves","Strategy","ZeptoLab","4.5","b609","King of Thieves","Action","ZeptoLab UK Limited","4.49423"
"a2611","WWE Immortals","Action","Warner Bros. International Enterprises","4.3","b610","WWE Immortals","Card","Warner Bros.","4.46881"
"a59","War Dragons","Strategy","Pocket Gems","4.1","b612","War Dragons","Entertainment","Pocket Gems, Inc.","4.53845"
"a450","MMX Racing","Racing","Hutch Games","4.2","b614","MMX Racing","Action","Hutch Games Ltd","4.62988"
"a250","LINE: Disney Tsum Tsum","Puzzle","LINE Corporation","4.2","b615","LINE: Disney Tsum Tsum","Action","LINE Corporation","3.5625"
"a1937","Drive Ahead!","Racing","Dodreams Ltd.","4.4","b617","Drive Ahead!","Racing","Dodreams Fairytale Company Oy","16988 Ratings"
"a695","World of Tanks Blitz","Action","Wargaming Group","4.3","b623","World of Tanks Blitz","Strategy","WARGAMING Group Limited","3.79487"
"a1588","Cut the Rope: Experiments FREE","Puzzle","ZeptoLab","4.2","b624","Cut the Rope: Experiments Free","Action","ZeptoLab UK Limited","4.19998"
"a840","Shadow Fight 2","Action","NEKKI","4.6","b625","Shadow Fight 2","Games","Nekki Games","4.66952"
"a651","Dude Perfect 2","Action","Miniclip.com","4.5","b626","Dude Perfect 2","Entertainment","Miniclip.com","4.69972"
"a577","Real Steel World Robot Boxing","Action","Reliance Big Entertainment (UK) Private Limited","4.4","b627","Real Steel World Robot Boxing","Sports","Reliance Big Entertainment UK Private Ltd","4.45774"
"a1207","Archery King","Sports","Miniclip.com","4.5","b629","Archery King","Sports","Miniclip.com","4.30281"
"a2599","Zombie Highway","Action","Auxbrain Inc","4.3","b636","Zombie Highway","Action","Auxbrain, Inc.","4.42657"
"a109","Bloons TD Battles","Strategy","ninja kiwi","4.4","b637","Bloons TD Battles","Strategy","Ninja Kiwi","4.66406"
"a646","DEER HUNTER 2017","Action","Glu","4.3","b638","Deer Hunter 2017","Sports","Glu Games Inc","3.94737"
"a660","MORTAL KOMBAT X","Action","Warner Bros. International Enterprises","4.4","b640","MORTAL KOMBAT X","Action","Warner Bros.","4.27932"
"a1656","Fun Run 2 - Multiplayer Race","Arcade","Dirtybit","4.5","b641","Fun Run 2 - Multiplayer Race","Sports","dirtyBit","30579 Ratings"
"a964","Castle Clash: Rise of Beasts","Strategy","IGG.COM","4.6","b645","Castle Clash: Rise of Beasts","Action","IGG.COM","3.69272"
"a641","Injustice: Gods Among Us","Action","Warner Bros. International Enterprises","4.4","b647","Injustice: Gods Among Us","Entertainment","Warner Bros.","4.66018"
"a445","Dumb Ways to Die 2: The Games","Casual","Metro Trains","4.2","b649","Dumb Ways to Die 2: The Games","Metro Trains Melbourne Pty Ltd","Metro Trains Melbourne Pty Ltd","3.82927"
"a966","Boom Beach","Strategy","Supercell","4.5","b650","Boom Beach","Strategy","Supercell","4.24254"
"a1577","Angry Birds 2","Casual","Rovio Entertainment Ltd.","4.5","b651","Angry Birds 2","Puzzle","Rovio Entertainment Ltd","4.6052"
"a107","Clash Royale","Strategy","Supercell","4.5","b653","Clash Royale","Strategy","Supercell","4.29331"
"a279","Real Racing 3","Racing","ELECTRONIC ARTS","4.4","b654","Real Racing 3","Action","Electronic Arts","4.41775"
"a572","DEER HUNTER CLASSIC","Action","Glu","4.4","b655","Deer Hunter Classic","Sports","Glu Games Inc","4.48529"
"a161","Clash of Clans","Strategy","Supercell","4.6","b659","Clash of Clans","Action","Supercell","4.46013"
"a2539","ZOMBIES ATE MY FRIENDS","Adventure","Glu","4.4","b676","Zombies Ate My Friends","Entertainment","Glu Games Inc","4.53308"
"a811","GUN BROS 2","Action","Glu","4.5","b678","Gun Bros 2","Adventure","Glu Games Inc","4.48039"
"a2469","Nimble Quest","Arcade","NimbleBit LLC","4.1","b679","Nimble Quest","Action","NimbleBit LLC","4.461"
"a1625","Random Heroes","Arcade","Noodlecake Studios Inc","3.9","b684","Random Heroes","Adventure","Ravenous Games Inc.","4.63636"
"a2572","Grand Theft Auto: Vice City","Arcade","Rockstar Games","4.2","b715","Grand Theft Auto: Vice City","Games","Rockstar Games","none"
"a1201","Monument Valley","Puzzle","ustwo games","4.7","b723","Monument Valley","Puzzle","ustwo Games Ltd","4.57258"
"a812","Grand Theft Auto: San Andreas","Action","Rockstar Games","4.4","b733","Grand Theft Auto: San Andreas","Games","Rockstar Games","none"
"a2834","Hard Time (Prison Sim)","Adventure","MDickie","4.2","b744","Hard Time (Prison Sim)","Adventure","MDickie","3.75"
"a284","Agent Alice","Puzzle","Wooga","4.3","b747","Agent Alice","Puzzle","wooga","4.61033"
"a960","Arrow Ambush","Strategy","Zoom Inc","4.7","b748","Arrow Ambush","Entertainment","Zoom Inc","3.85714"
"a1689","Temple Run: Oz","Arcade","Disney","4.3","b753","Temple Run: Oz","Entertainment","Disney","4.22785"
"a111","Tap Titans","Role Playing","Game Hive Corporation","4.7","b762","Tap Titans","Adventure","Game Hive Corp.","4.7709"
"a464","STARDOM: HOLLYWOOD","Adventure","Glu","4.2","b769","Stardom: Hollywood","Entertainment","Glu Games Inc","4.63138"
"a798","Grand Theft Auto III","Action","Rockstar Games","3.9","b776","Grand Theft Auto III","Games","Rockstar Games","none"
"a944","Brave Frontier","Role Playing","gumi Inc.","4.4","b778","Brave Frontier","Adventure","gumi Inc.","4.60093"
"a2485","Froggy Jump","Arcade","Invictus Games Ltd.","4.3","b780","Froggy Jump","Arcade","Invictus","3.875"
"a491","MARVEL Avengers Academy","Adventure","TinyCo","4.1","b793","MARVEL Avengers Academy","Simulation","TinyCo, Inc.","4.22727"
"a2060","The Sims 3","Simulation","ELECTRONIC ARTS","2.9","b799","The Sims 3","Entertainment","Electronic Arts","2.12473"
"a2614","Assassin's Creed Pirates","Action","Ubisoft Entertainment","4.4","b800","Assassin's Creed Pirates","Action","Ubisoft","4.38969"
"a1370","The Silent Age","Adventure","House on Fire","4.3","b801","The Silent Age","Puzzle","House on Fire","4.64614"
"a1382","CSI: Hidden Crimes","Puzzle","Ubisoft Entertainment","4.2","b805","CSI: Hidden Crimes","Puzzle","Ubisoft","4.10447"
"a1712","The Trail","Simulation","Kongregate","4.4","b810","The Trail","Adventure","Kongregate","4.05691"
"a550","Rayman Adventures","Adventure","Ubisoft Entertainment","4.5","b813","Rayman Adventures","Adventure","Ubisoft","9831 Ratings"
"a573","CONTRACT KILLER: SNIPER","Action","Glu","4.2","b817","Contract Killer: Sniper","Entertainment","Glu Games Inc","4.17645"
"a2606","Ninja Fishing","Adventure","Gamenauts, Inc.","4.3","b821","Ninja Fishing","Adventure","Gamenauts","4.49153"
"a2529","CONTRACT KILLER 2","Action","Glu","4.3","b823","Contract Killer 2","Entertainment","Glu Games Inc","4.27077"
"a3708","Minecraft: Story Mode","Adventure","Telltale Games","4.3","b827","Minecraft: Story Mode","Entertainment","Telltale Inc","4.40975"
"a659","Gangstar Vegas","Action","Gameloft","4.4","b832","Gangstar Vegas","Action","Gameloft","4.49333"
"a631","FRONTLINE COMMANDO: D-DAY","Action","Glu","4.5","b833","Frontline Commando: D-Day","Action","Glu Games Inc","25110 Ratings"
"a2146","Littlest Pet Shop","Casual","Gameloft","4.2","b841","Littlest Pet Shop","Adventure","Gameloft","4.53158"
"a578","DINO HUNTER: DEADLY SHORES","Action","Glu","4.3","b843","Dino Hunter: Deadly Shores","Entertainment","Glu Games Inc","4.49333"
"a645","DEAD TRIGGER 2","Action","MADFINGER Games","4.5","b846","DEAD TRIGGER 2","a.s.","MADFINGER Games, a.s.","4.63177"
"a2612","Six-Guns: Gang Showdown","Action","Gameloft","4.4","b847","Six-Guns: Gang Showdown","Entertainment","Gameloft","4.39198"
"a1618","Angry Birds Epic RPG","Role Playing","Rovio Entertainment Ltd.","4.5","b854","Angry Birds Epic RPG","Adventure","Rovio Entertainment Ltd","4.69513"
"a2062","Doodle Jump","Arcade","Lima Sky LLC","4.3","b867","Doodle Jump","Entertainment","Lima Sky","4.875"
"a2605","DEAD TRIGGER","Action","MADFINGER Games","4.6","b868","DEAD TRIGGER","a.s.","MADFINGER Games, a.s.","4.55727"
"a844","MARVEL Contest of Champions","Action","Kabam","4.3","b881","MARVEL Contest of Champions","Action","Kabam","4.67241"
"a523","KIM KARDASHIAN: HOLLYWOOD","Adventure","Glu","4.3","b884","Kim Kardashian: Hollywood","Entertainment","Glu Games Inc","4.64878"
"a451","Minecraft: Pocket Edition","Arcade","Mojang","4.5","b885","Minecraft: Pocket Edition","Simulation","Mojang","4.40848"
"a221","Criminal Case","Adventure","Pretty Simple","4.5","b886","Criminal Case","Adventure","Pretty Simple","4.50516"
"a1589","Temple Run 2","Action","Imangi Studios","4.3","b892","Temple Run 2","Adventure","Imangi Studios, LLC","4.04082"
"a1678","Giant Boulder of Death","Arcade","[adult swim] games","4.3","b896","Giant Boulder of Death","Action","[adult swim]","4.50877"
"a2199","Kitchen Scramble: Cooking Game","Simulation","Rockyou Inc.","3.9","b908","Kitchen Scramble: Cooking Game","Arcade","RockYou, Inc.","3.28571"
"a2090","Pirate Kings","Casual","Jelly Button Games","4.3","b910","Pirate Kings","Adventure","Jelly Button Games Ltd","3.46429"
"a2625","Amazing Ninja","Action","Ketchapp","3.5","b916","Amazing Ninja","Entertainment","Ketchapp","4.28576"
"a2839","Shopkins World!","Arcade","Mighty Kingdom","4.2","b917","Shopkins World!","Entertainment","Mighty Kingdom","4.12821"
"a1655","Agent Dash","Arcade","Full Fat","4.2","b920","Agent Dash","Action","Full Fat","4.29267"
"a2348","Angry Birds Seasons","Arcade","Rovio Entertainment Ltd.","4.3","b925","Angry Birds Seasons","Action","Rovio Entertainment Ltd","3.88909"
"a2541","Zombie Tsunami","Arcade","Mobigame S.A.R.L.","4.4","b934","Zombie Tsunami","Entertainment","Mobigame","4.44444"
"a2257","Diner Dash","Casual","Glu","4.1","b935","Diner Dash","Entertainment","Glu Games Inc","3.84479"
"a2489","Tap Tap Dash","Arcade","Cheetah Games","4.5","b937","Tap Tap Dash","Action","Cheetah Technology Corporation Limited","4.3624"
"a1628","Monster Dash","Arcade","Halfbrick Studios","4.0","b945","Monster Dash","Arcade","Halfbrick Studios","4.26905"
"a1686","Geometry Dash","Arcade","RobTop Games","4.8","b946","Geometry Dash","Entertainment","RobTop Games AB","4.65561"
"a2098","GyroSphere Trials","Arcade","Pronetis Games","4.0","b949","GyroSphere Trials","Arcade","Pronetis","3.52381"
"a2278","Banana Kong","Action","FDG Entertainment GmbH & Co.KG","4.4","b958","Banana Kong","Arcade","FDG Mobile Games GbR","4.46567"
"a1018","Angry Birds Star Wars","Arcade","Rovio Entertainment Ltd.","4.3","b966","Angry Birds Star Wars","Action","Rovio Entertainment Ltd","4.13737"
"a2631","Stickman Cliff Diving","Sports","Djinnworks GmbH","3.8","b967","Stickman Cliff Diving","Action","Djinnworks GmbH","4.18828"
"a1682","Angry Birds","Arcade","Rovio Entertainment Ltd.","4.4","b969","Angry Birds","Arcade","Rovio Entertainment Ltd","3.67521"
"a1657","Rail Rush","Arcade","Miniclip.com","4.2","b972","Rail Rush","Arcade","Miniclip.com","4.375"
"a2141","Diamond Digger Saga","Casual","King","4.3","b988","Diamond Digger Saga","Arcade","King","4.60526"
"a251","Inside Out Thought Bubbles","Puzzle","Disney","4.4","b989","Inside Out Thought Bubbles","Puzzle","Disney","21476 Ratings"
"a2627","Line Runner","Arcade","Djinnworks GmbH","3.8","b990","Line Runner","Arcade","Djinnworks GmbH","3.83401"
"a3710","Disney Emoji Blitz","Puzzle","Disney","4.3","b992","Disney Emoji Blitz","Arcade","Disney","4.42299"
"a2262","COOKING DASH","Casual","Glu","4.2","b995","Cooking Dash","Entertainment","Glu Games Inc","3.96429"
"a2411","Daddy Long Legs","Arcade","Set Snail","4.2","b996","Daddy Long Legs","Arcade","Set Snail","4.3526"
"a837","War Robots","Action","Pixonic LLC","4.6","b1003","War Robots","Action","Pixonic LLC","4.63216"
"a769","Iron Force","Action","Chillingo","4.2","b1005","Iron Force","Arcade","Chillingo Ltd","3.95538"
"a2103","Extreme Road Trip 2","Arcade","Roofdog Games","4.3","b1006","Extreme Road Trip 2","Games","Roofdog Games","4.44329"
"a1609","Angry Birds Friends","Arcade","Rovio Entertainment Ltd.","4.2","b1007","Angry Birds Friends","Arcade","Rovio Entertainment Ltd","4.47857"
"a2803","Amazing Thief","Adventure","Ketchapp","3.5","b1018","Amazing Thief","Action","Ketchapp","4.10172"
"a1600","Looney Tunes Dash!","Casual","Zynga","4.2","b1020","Looney Tunes Dash!","Action","Zynga Inc.","3.98795"
"a829","Spider-Man Unlimited","Action","Gameloft","4.2","b1021","Spider-Man Unlimited","Action","Gameloft","4.2458"
"a1234","Bowling King","Sports","Miniclip.com","4.6","b1024","Bowling King","Arcade","Miniclip.com","4.3913"
"a2416","Prize Claw","Arcade","Game Circus LLC","4.0","b1026","Prize Claw","Entertainment","Game Circus LLC","4.33459"
"a1659","Robot Unicorn Attack 2","Arcade","[adult swim] games","4.3","b1027","Robot Unicorn Attack 2","Arcade","[adult swim]","4.28"
"a204","Traffic Rider","Racing","Soner Kara","4.7","b1029","Traffic Rider","Entertainment","Soner Kara","4.47457"
"a1354","Bubble Witch Saga","Casual","King","4.1","b1032","Bubble Witch Saga","Arcade","King","4.0284"
"a830","Into the Dead","Action","PIKPOK","4.4","b1037","Into the Dead","Action","PikPok","4.75624"
"a1398","Soccer Stars","Sports","Miniclip.com","4.4","b1038","Soccer Stars","Sports","Miniclip.com","4.32667"
"a1396","Head Soccer","Sports","D&D Dream","4.3","b1041","Head Soccer","Sports","D&amp;D Dream Corp.","4.77953"
"a3246","Disney Crossy Road","Arcade","Disney","4.5","b1044","Disney Crossy Road","Arcade","Disney","4.55753"
"a1602","Talking Tom Gold Run","Action","Outfit7","4.5","b1050","Talking Tom Gold Run","Action","Outfit7 Limited","4.1986"
"a1679","Angry Birds Rio","Arcade","Rovio Entertainment Ltd.","4.4","b1055","Angry Birds Rio","Puzzle","Rovio Entertainment Ltd","3.925"
"a644","Hungry Shark World","Action","Ubisoft Entertainment","4.4","b1056","Hungry Shark World","Action","Ubisoft","4.41132"
"a2414","Paper Toss Boss","Arcade","Backflip Studios, Inc.","4.2","b1057","Paper Toss Boss","Arcade","Backflip Studios","4.69332"
"a1930","Racing Rivals","Racing","Glu","3.9","b1058","Racing Rivals","Racing","Glu Games Inc","3.39881"
"a1932","Traffic Racer","Racing","Soner Kara","4.4","b1066","Traffic Racer","Arcade","Soner Kara","4.26722"
"a363","Bubble Witch 2 Saga","Casual","King","4.3","b1072","Bubble Witch 2 Saga","Arcade","King","4.425"
"a2410","Stick Hero","Arcade","Ketchapp","4.0","b1074","Stick Hero","Arcade","Ketchapp","4.22409"
"a1271","Flip Diving","Sports","Miniclip.com","4.5","b1075","Flip Diving","Arcade","Miniclip.com","3.62992"
"a1586","Dots: A Game About Connecting","Casual","Playdots, Inc.","4.1","b1076","Dots: A Game About Connecting","Arcade","Playdots, Inc.","4.36351"
"a1904","Candy Crush Jelly Saga","Puzzle","King","4.3","b1078","Candy Crush Jelly Saga","Puzzle","King","4.46666"
"a1688","Fruit Ninja","Arcade","Halfbrick Studios","4.3","b1084","Fruit Ninja","Arcade","Halfbrick Studios","4.14156"
"a273","Hill Climb Racing 2","Racing","Fingersoft","4.6","b1088","Hill Climb Racing 2","Entertainment","Fingersoft","4.68943"
"a1617","Toy Blast","Puzzle","Peak Games","4.6","b1093","Toy Blast","Games","Peak Games","4.71612"
"a1576","Angry Birds Go!","Racing","Rovio Entertainment Ltd.","4.2","b1095","Angry Birds Go!","Arcade","Rovio Entertainment Ltd","3.55211"
"a2147","Pet Rescue Saga","Casual","King","4.3","b1099","Pet Rescue Saga","Arcade","King","4.79629"
"a402","Farm Heroes Saga","Casual","King","4.4","b1103","Farm Heroes Saga","Entertainment","King","4.66667"
"a2453","Geometry Dash Lite","Arcade","RobTop Games","4.5","b1108","Geometry Dash Lite","Arcade","RobTop Games AB","4.49073"
"a1695","Smash Hit","Arcade","Mediocre","4.4","b1110","Smash Hit","Entertainment","Mediocre AB","4.57493"
"a348","Asphalt 8: Airborne","Racing","Gameloft","4.5","b1112","Asphalt 8: Airborne","Racing","Gameloft","4.59814"
"a2142","Paper Toss","Casual","Backflip Studios, Inc.","4.0","b1113","Paper Toss","Entertainment","Backflip Studios","4.18966"
"a2200","Cooking Fever","Arcade","Nordcurrent","4.4","b1116","Cooking Fever","Entertainment","Nordcurrent","4.47968"
"a403","Candy Crush Soda Saga","Casual","King","4.3","b1118","Candy Crush Soda Saga","Arcade","King","4.35701"
"a649","Color Switch","Action","Fortafy Games","4.5","b1120","Color Switch","Games","Fortafy Games","4.27886"
"a1538","Trivia Crack","Trivia","Etermax","4.5","b1121","Trivia Crack","Family","Etermax","3.79339"
"a1240","Hay Day","Casual","Supercell","4.4","b1122","Hay Day","Simulation","Supercell","4.46651"
"a2796","Checkers Free","Board","Optime Software","4.0","b1127","Checkers Free","Entertainment","Optime Software LLC","3.89353"
"a516","My Talking Tom","Casual","Outfit7","4.5","b1130","My Talking Tom","Entertainment","Outfit7 Limited","4.26376"
"a258","Where's My Water? Free","Puzzle","Disney","4.3","b1131","Where's My Water? Free","Puzzle","Disney","3.97597"
"a3740","Libii Dentist","Educational","Libii","3.8","b1133","Libii Dentist","Family","Libii Tech Limited","3.84868"
"a2320","One More Dash","Casual","SMG Studio","4.2","b1248","One More Dash","Music","SMG Studio","4.46014"
"a2418","Hoppy Frog 2 - City Escape","Arcade","Turbo Chilli","4.5","b1284","Hoppy Frog 2 - City Escape","Music","Turbo Chilli Pty Ltd","4.6675"
"a2095","Demi Lovato: Path to Fame","Casual","Episode Interactive","4.5","b1329","Demi Lovato: Path to Fame","Entertainment","Episode Interactive","3.94179"
"a1639","The Impossible Game","Arcade","FlukeDude","4.1","b1337","The Impossible Game","Arcade","FlukeDude Ltd","4.42001"
"a2066","Just Dance Now","Music","Ubisoft Entertainment","4.2","b1344","Just Dance Now","Music","Ubisoft","3.856"
"a1260","Hollywood U: Rising Stars","Simulation","Pixelberry","4.2","b1351","Hollywood U: Rising Stars","Simulation","Pixelberry Studios","4.31496"
"a1686","Geometry Dash","Arcade","RobTop Games","4.8","b1353","Geometry Dash","Entertainment","RobTop Games AB","4.65435"
"a1261","My Singing Monsters","Simulation","Big Blue Bubble","4.5","b1358","My Singing Monsters","Simulation","Big Blue Bubble","4.72177"
"a2453","Geometry Dash Lite","Arcade","RobTop Games","4.5","b1360","Geometry Dash Lite","Arcade","RobTop Games AB","4.49073"
"a2788","Rolling Sky","Board","Cheetah Games","4.5","b1363","Rolling Sky","Music","Cheetah Technology Corporation Limited","4.50903"
"a1864","Jigsaw Puzzles Epic","Puzzle","Kristanix Games","4.5","b1366","Jigsaw Puzzles Epic","Games","Kristanix Games","4.60379"
"a1201","Monument Valley","Puzzle","ustwo games","4.7","b1388","Monument Valley","Puzzle","ustwo Games Ltd","4.57258"
"a2412","Angry Birds Space","Arcade","Rovio Entertainment Ltd.","4.4","b1394","Angry Birds Space","Arcade","Rovio Entertainment Ltd","3.9908"
"a255","Maleficent Free Fall","Puzzle","Disney","4.3","b1401","Maleficent Free Fall","Strategy","Disney","4.72989"
"a1587","Bad Piggies","Puzzle","Rovio Entertainment Ltd.","4.3","b1403","Bad Piggies","Arcade","Rovio Entertainment Ltd","3.83648"
"a284","Agent Alice","Puzzle","Wooga","4.3","b1405","Agent Alice","Puzzle","wooga","4.61033"
"a838","DRAGON BALL Z DOKKAN BATTLE","Action","BANDAI NAMCO Entertainment Inc.","4.0","b1410","DRAGON BALL Z DOKKAN BATTLE","Puzzle","BANDAI NAMCO Entertainment Inc.","3.98883"
"a2431","Disco Zoo","Casual","NimbleBit LLC","4.5","b1412","Disco Zoo","Simulation","NimbleBit LLC","4.62857"
"a1809","Jigty Jigsaw Puzzles","Puzzle","Outfit7","4.3","b1422","Jigty Jigsaw Puzzles","Board","Outfit7 Limited","4.31429"
"a2447","101-in-1 Games HD","Arcade","Nordcurrent","4.4","b1431","101-in-1 Games HD","Arcade","Nordcurrent","4.49831"
"a596","Peggle Blast","Card","ELECTRONIC ARTS","4.1","b1439","Peggle Blast","Puzzle","Electronic Arts","3.78796"
"a611","Pyramid Solitaire Saga","Card","King","4.4","b1440","Pyramid Solitaire Saga","Entertainment","King","27200 Ratings"
"a2764","Fairway Solitaire Blast","Card","Big Fish Games","4.6","b1443","Fairway Solitaire Blast","Inc","Big Fish Games, Inc","4.71699"
"a1370","The Silent Age","Adventure","House on Fire","4.3","b1457","The Silent Age","Puzzle","House on Fire","4.64614"
"a1382","CSI: Hidden Crimes","Puzzle","Ubisoft Entertainment","4.2","b1458","CSI: Hidden Crimes","Puzzle","Ubisoft","4.10447"
"a379","AlphaBetty Saga","Puzzle","King","4.2","b1475","AlphaBetty Saga","Puzzle","King","4.2027"
"a1400","Score! World Goals","Sports","First Touch","4.4","b1494","Score! World Goals","Sports","First Touch Games Ltd.","4.66106"
"a3224","Scribblenauts Remix","Puzzle","Warner Bros. International Enterprises","4.2","b1495","Scribblenauts Remix","Puzzle","Warner Bros.","4.21691"
"a2141","Diamond Digger Saga","Casual","King","4.3","b1499","Diamond Digger Saga","Arcade","King","4.60526"
"a251","Inside Out Thought Bubbles","Puzzle","Disney","4.4","b1501","Inside Out Thought Bubbles","Puzzle","Disney","21476 Ratings"
"a3710","Disney Emoji Blitz","Puzzle","Disney","4.3","b1504","Disney Emoji Blitz","Arcade","Disney","4.42225"
"a250","LINE: Disney Tsum Tsum","Puzzle","LINE Corporation","4.2","b1506","LINE: Disney Tsum Tsum","Action","LINE Corporation","3.5625"
"a239","7 Little Words","Word","Blue Ox Technologies Ltd.","4.7","b1515","7 Little Words","Word","Blue Ox Technologies Ltd.","60816 Ratings"
"a1588","Cut the Rope: Experiments FREE","Puzzle","ZeptoLab","4.2","b1520","Cut the Rope: Experiments Free","Action","ZeptoLab UK Limited","4.19998"
"a2416","Prize Claw","Arcade","Game Circus LLC","4.0","b1522","Prize Claw","Entertainment","Game Circus LLC","4.33459"
"a651","Dude Perfect 2","Action","Miniclip.com","4.5","b1523","Dude Perfect 2","Entertainment","Miniclip.com","4.69972"
"a1354","Bubble Witch Saga","Casual","King","4.1","b1525","Bubble Witch Saga","Arcade","King","4.0284"
"a1679","Angry Birds Rio","Arcade","Rovio Entertainment Ltd.","4.4","b1535","Angry Birds Rio","Puzzle","Rovio Entertainment Ltd","3.925"
"a363","Bubble Witch 2 Saga","Casual","King","4.3","b1541","Bubble Witch 2 Saga","Arcade","King","4.425"
"a1586","Dots: A Game About Connecting","Casual","Playdots, Inc.","4.1","b1542","Dots: A Game About Connecting","Arcade","Playdots, Inc.","4.36351"
"a2272","Magic Jigsaw Puzzles","Puzzle","ZiMAD","4.4","b1543","Magic Jigsaw Puzzles","Entertainment","ZiMAD","4.50169"
"a1904","Candy Crush Jelly Saga","Puzzle","King","4.3","b1544","Candy Crush Jelly Saga","Puzzle","King","4.46666"
"a257","Where's My Water? 2","Puzzle","Disney","4.2","b1545","Where's My Water? 2","Entertainment","Disney","4.01976"
"a313","Block! Hexa Puzzle","Puzzle","BitMango","4.5","b1554","Block! Hexa Puzzle","Board","BitMango","4.30809"
"a247","TETRIS Blitz","Puzzle","ELECTRONIC ARTS","4.4","b1556","Tetris Blitz","Puzzle","Electronic Arts","4.08026"
"a1617","Toy Blast","Puzzle","Peak Games","4.6","b1557","Toy Blast","Games","Peak Games","4.71785"
"a402","Farm Heroes Saga","Casual","King","4.4","b1560","Farm Heroes Saga","Entertainment","King","4.66667"
"a2147","Pet Rescue Saga","Casual","King","4.3","b1561","Pet Rescue Saga","Arcade","King","4.79629"
"a221","Criminal Case","Adventure","Pretty Simple","4.5","b1565","Criminal Case","Adventure","Pretty Simple","4.50623"
"a1823","Two Dots","Puzzle","Playdots, Inc.","4.4","b1567","Two Dots","Puzzle","Playdots, Inc.","4.21982"
"a1577","Angry Birds 2","Casual","Rovio Entertainment Ltd.","4.5","b1568","Angry Birds 2","Puzzle","Rovio Entertainment Ltd","4.6052"
"a1862","Unblock Me FREE","Puzzle","Kiragames Co., Ltd.","4.3","b1571","Unblock Me FREE","Puzzle","Kiragames Co., Ltd.","4.75386"
"a403","Candy Crush Soda Saga","Casual","King","4.3","b1572","Candy Crush Soda Saga","Arcade","King","4.35701"
"a306","Flow Free","Puzzle","Big Duck Games LLC","4.3","b1574","Flow Free","Entertainment","Big Duck Games LLC","4.58768"
"a510","Candy Crush Saga","Casual","King","4.4","b1575","Candy Crush Saga","Entertainment","King","4.70807"
"a91","Beach Buggy Blitz","Racing","Vector Unit","4.2","b1602","Beach Buggy Blitz","Racing","Vector Unit","4.31661"
"a1551","Drag Racing: Bike Edition","Racing","Creative Mobile","4.2","b1628","Drag Racing: Bike Edition","Sports","Creative Mobile","4.30171"
"a1560","Zombie Killer Squad","Action","Section Studios, Inc. and 3BD Games LLC","4.3","b1631","Zombie Killer Squad","Action","Section Studios, Inc.","4.20482"
"a334","Earn to Die","Racing","Not Doppler","4.5","b1640","Earn to Die","Racing","Not Doppler","4.61219"
"a384","Need for Speed Hot Pursuit","Racing","ELECTRONIC ARTS","3.3","b1654","Need for Speed Hot Pursuit","Racing","Electronic Arts","none"
"a394","Need for Speed Most Wanted","Racing","ELECTRONIC ARTS","3.9","b1664","Need for Speed Most Wanted","Racing","Electronic Arts","none"
"a392","Moto X Mayhem","Racing","Occamy Games","4.1","b1666","Moto X Mayhem","Games","Occamy Games","4.08397"
"a93","Nitro Nation Online","Racing","Creative Mobile","4.4","b1684","Nitro Nation Online","Action","Creative Mobile","7012 Ratings"
"a1601","Battle Run","Action","Game Hive Corporation","4.5","b1699","Battle Run","Racing","Game Hive Corp.","4.7081"
"a1332","BIG WIN Racing","Sports","Hothead Games","3.9","b1704","Big Win Racing","Sports","Hothead Games Inc.","4.07498"
"a1910","MAYDAY! Emergency Landing","Simulation","Reludo srl","4.0","b1707","MAYDAY! Emergency Landing","Simulation","Reludo","4.07462"
"a1413","Bike Rivals","Racing","Miniclip.com","4.2","b1712","Bike Rivals","Racing","Miniclip.com","4.29452"
"a1945","2XL MX Offroad","Racing","2XL Games, Inc.","4.0","b1713","2XL MX Offroad","Inc.","2XL Games, Inc.","3.25"
"a1305","Drive Ahead! Sports","Sports","Dodreams Ltd.","4.3","b1720","Drive Ahead! Sports","Sports","Dodreams Fairytale Company Oy","4.15151"
"a1377","Jet Car Stunts Lite","Racing","True Axis","4.3","b1721","Jet Car Stunts Lite","Entertainment","True Axis","4.15733"
"a1658","Running Fred","Arcade","Dedalord","4.3","b1739","Running Fred","Entertainment","Dedalord S.R.L.","4.33025"
"a199","Hot Wheels: Race Off","Racing","Hutch Games","4.4","b1742","Hot Wheels: Race Off","Action","Hutch Games Ltd","4.44006"
"a1997","The Little Crane That Could","Simulation","Game Studio Abraham Stolk","4.0","b1744","The Little Crane That Could","Education","Abraham Stolk","4.24472"
"a2531","Zombie Road Trip","Racing","Noodlecake Studios Inc","4.3","b1749","Zombie Road Trip","Entertainment","Noodlecake Studios Inc","4.33333"
"a2600","Zombie Highway 2","Action","Auxbrain Inc","4.3","b1756","Zombie Highway 2","Action","Auxbrain, Inc.","4.52542"
"a144","CarX Drift Racing","Racing","CarX Technologies","4.5","b1758","CarX Drift Racing","Racing","CarX Technologies","4.22581"
"a1414","Trial Xtreme 3","Racing","Deemedya INC","4.3","b1759","Trial Xtreme 3","Sports","Deemedya M.S. Ltd.","4.33544"
"a1941","Mad Skills Motocross 2","Racing","Turborilla","4.1","b1766","Mad Skills Motocross 2","Racing","Turborilla","4.32468"
"a450","MMX Racing","Racing","Hutch Games","4.2","b1770","MMX Racing","Action","Hutch Games Ltd","4.62988"
"a1937","Drive Ahead!","Racing","Dodreams Ltd.","4.4","b1773","Drive Ahead!","Racing","Dodreams Fairytale Company Oy","16988 Ratings"
"a1659","Robot Unicorn Attack 2","Arcade","[adult swim] games","4.3","b1779","Robot Unicorn Attack 2","Arcade","[adult swim]","4.28"
"a204","Traffic Rider","Racing","Soner Kara","4.7","b1780","Traffic Rider","Entertainment","Soner Kara","4.46086"
"a2599","Zombie Highway","Action","Auxbrain Inc","4.3","b1790","Zombie Highway","Action","Auxbrain, Inc.","4.42657"
"a1930","Racing Rivals","Racing","Glu","3.9","b1791","Racing Rivals","Racing","Glu Games Inc","3.39881"
"a1932","Traffic Racer","Racing","Soner Kara","4.4","b1792","Traffic Racer","Arcade","Soner Kara","4.26722"
"a273","Hill Climb Racing 2","Racing","Fingersoft","4.6","b1796","Hill Climb Racing 2","Entertainment","Fingersoft","4.68943"
"a1656","Fun Run 2 - Multiplayer Race","Arcade","Dirtybit","4.5","b1797","Fun Run 2 - Multiplayer Race","Sports","dirtyBit","30579 Ratings"
"a1576","Angry Birds Go!","Racing","Rovio Entertainment Ltd.","4.2","b1800","Angry Birds Go!","Arcade","Rovio Entertainment Ltd","3.55211"
"a348","Asphalt 8: Airborne","Racing","Gameloft","4.5","b1804","Asphalt 8: Airborne","Racing","Gameloft","4.59813"
"a279","Real Racing 3","Racing","ELECTRONIC ARTS","4.4","b1805","Real Racing 3","Action","Electronic Arts","4.41775"
"a1543","Hill Climb Racing","Racing","Fingersoft","4.4","b1807","Hill Climb Racing","Entertainment","Fingersoft","4.44631"
"a2671","Pocket Bingo Free","Card","Apostek","4.1","b1970","Pocket Bingo Free","Dice","Apostek Software","3.88462"
"a265","Word Crack Free","Word","Etermax","4.2","b2035","Word Crack Free","Dice","Etermax","4.44031"
"a1312","Quiz of Kings","Trivia","Elyas Nadali","4.2","b2099","Quiz of Kings","Education","Elyas Nadali","3.45"
"a480","PBS KIDS Games","Educational","PBS KIDS","4.1","b2160","PBS KIDS Games","PBS KIDS","PBS KIDS","3.83333"
"a3555","Monster Hair Salon","Educational","Libii","3.8","b2172","Monster Hair Salon","Family","Libii Tech Limited","3.98217"
"a1765","One touch Drawing","Puzzle","Ecapyc Inc.","4.2","b2205","One touch Drawing","Education","Ecapyc Inc.","13421 Ratings"
"a1523","Trivia Crack (Ad free)","Trivia","Etermax","4.6","b2251","Trivia Crack (Ad Free)","Entertainment","Etermax","none"
"a973","Monkey Preschool Lunchbox","Education","THUP Games","4.4","b2265","Monkey Preschool Lunchbox","Games","THUP Games","none"
"a2471","Ice Cream Jump","Casual","Retro Dreamer","4.2","b2289","Ice Cream Jump","Arcade","Retro Dreamer","4.38213"
"a2415","Glow Hockey","Arcade","Natenai Ariyatrakool","4.1","b2308","Glow Hockey","Entertainment","Natenai Ariyatrakool","3.46739"
"a1585","Charm King","Puzzle","PlayQ Inc","4.6","b2313","Charm King","Puzzle","PlayQ Inc","4.68293"
"a2275","Animal Jam - Play Wild!","Casual","WildWorks","4.6","b2321","Animal Jam - Play Wild!","Social Networking","Wildworks, Inc.","4.58333"
"a2251","Restaurant Story 2","Casual","Storm8 Studios","3.9","b2327","Restaurant Story 2","Family","Storm8 Studios","4.20132"
"a3323","The 7D Mine Train","Arcade","Disney Publishing Worldwide","4.2","b2330","The 7D Mine Train","Family","Disney","4.22201"
"a1204","Where's My Perry?","Puzzle","Disney","4.6","b2335","Where's My Perry?","Entertainment","Disney","3.46729"
"a1515","Trivia Crack Kingdoms","Trivia","Etermax","4.4","b2338","Trivia Crack Kingdoms","Entertainment","Etermax","3.60714"
"a252","Crazy Kitchen","Puzzle","Zynga","4.6","b2344","Crazy Kitchen","Puzzle","Zynga Inc.","4.91452"
"a517","Virtual Families Lite","Casual","Last Day of Work, LLC","3.8","b2361","Virtual Families Lite","Simulation","LDW Software, LLC","3.83205"
"a2355","Hoppy Frog","Casual","Turbo Chilli","4.2","b2362","Hoppy Frog","Family","Turbo Chilli Pty Ltd","4.59256"
"a1262","Dragons: Rise of Berk","Simulation","Ludia Inc.","4.2","b2363","Dragons: Rise of Berk","Entertainment","Ludia","3.94737"
"a2839","Shopkins World!","Arcade","Mighty Kingdom","4.2","b2373","Shopkins World!","Entertainment","Mighty Kingdom","4.12821"
"a2270","Where's My Mickey? Free","Puzzle","Disney","4.0","b2374","Where's My Mickey? Free","Puzzle","Disney","3.79347"
"a2258","World Chef","Casual","Social Point","4.4","b2375","World Chef","Family","Social Point","28577 Ratings"
"a2092","Paradise Bay","Casual","King","4.1","b2385","Paradise Bay","Family","King","3.77778"
"a3749","Mini Pets","Casual","Miniclip.com","4.2","b2387","Mini Pets","Entertainment","Miniclip.com","4.657"
"a2606","Ninja Fishing","Adventure","Gamenauts, Inc.","4.3","b2405","Ninja Fishing","Adventure","Gamenauts","4.49153"
"a1980","Disney Magic Kingdoms","Simulation","Gameloft","4.2","b2407","Disney Magic Kingdoms","Entertainment","Gameloft","4.2057"
"a2094","Nyan Cat: Lost In Space","Arcade","isTom Games","4.5","b2408","Nyan Cat: Lost In Space","Puzzle","Istom Games Kft.","4.66667"
"a1190","Draw Something","Word","OMGPOP","4.0","b2415","Draw Something","Word","OMGPOP","361119 Ratings"
"a1237","FarmVille 2: Country Escape","Casual","Zynga","4.2","b2434","FarmVille 2: Country Escape","Entertainment","Zynga Inc.","4.47376"
"a2191","My Talking Angela","Casual","Outfit7","4.4","b2452","My Talking Angela","Simulation","Outfit7 Limited","4.3"
"a2269","Frozen Free Fall","Puzzle","Disney","4.3","b2459","Frozen Free Fall","Family","Disney","3.8"
"a1505","Hangman Free","Word","Optime Software","3.8","b2461","Hangman Free","Entertainment","Optime Software LLC","4.1414"
"a3138","Where's My Water?","Puzzle","Disney","4.7","b2463","Where's My Water?","Entertainment","Disney","3.91534"
"a2638","Nemo's Reef","Strategy","Disney","4.0","b2468","Nemo's Reef","Entertainment","Disney","2.94706"
"a1005","Game of War - Fire Age","Strategy","Machine Zone, Inc.","3.9","b2471","Game of War - Fire Age","Social Networking","Machine Zone, Inc","4.0551"
"a523","KIM KARDASHIAN: HOLLYWOOD","Adventure","Glu","4.3","b2474","Kim Kardashian: Hollywood","Entertainment","Glu Games Inc","4.65055"
"a1263","High School Story","Simulation","Pixelberry","4.2","b2476","High School Story","Role Playing","Pixelberry Studios","4.41974"
"a1293","Fallout Shelter","Simulation","Bethesda Softworks LLC","4.5","b2478","Fallout Shelter","Simulation","Bethesda","4.7312"
"a172","FINAL FANTASY Record Keeper","Role Playing","DeNA Corp.","4.5","b2480","FINAL FANTASY Record Keeper","Role Playing","DeNA Corp.","4.5"
"a1910","MAYDAY! Emergency Landing","Simulation","Reludo srl","4.0","b2510","MAYDAY! Emergency Landing","Simulation","Reludo","4.07462"
"a2047","Goat Simulator","Simulation","Coffee Stain Studios","4.3","b2513","Goat Simulator","Action","Coffee Stain Studios AB","none"
"a2431","Disco Zoo","Casual","NimbleBit LLC","4.5","b2517","Disco Zoo","Simulation","NimbleBit LLC","4.62857"
"a2251","Restaurant Story 2","Casual","Storm8 Studios","3.9","b2523","Restaurant Story 2","Family","Storm8 Studios","4.20132"
"a517","Virtual Families Lite","Casual","Last Day of Work, LLC","3.8","b2544","Virtual Families Lite","Simulation","LDW Software, LLC","3.83205"
"a1260","Hollywood U: Rising Stars","Simulation","Pixelberry","4.2","b2546","Hollywood U: Rising Stars","Simulation","Pixelberry Studios","4.31496"
"a1262","Dragons: Rise of Berk","Simulation","Ludia Inc.","4.2","b2547","Dragons: Rise of Berk","Entertainment","Ludia","3.94737"
"a491","MARVEL Avengers Academy","Adventure","TinyCo","4.1","b2548","MARVEL Avengers Academy","Simulation","TinyCo, Inc.","4.22727"
"a2199","Kitchen Scramble: Cooking Game","Simulation","Rockyou Inc.","3.9","b2552","Kitchen Scramble: Cooking Game","Arcade","RockYou, Inc.","3.28571"
"a1997","The Little Crane That Could","Simulation","Game Studio Abraham Stolk","4.0","b2555","The Little Crane That Could","Education","Abraham Stolk","4.24472"
"a2258","World Chef","Casual","Social Point","4.4","b2557","World Chef","Family","Social Point","28577 Ratings"
"a2060","The Sims 3","Simulation","ELECTRONIC ARTS","2.9","b2558","The Sims 3","Entertainment","Electronic Arts","2.12473"
"a1712","The Trail","Simulation","Kongregate","4.4","b2568","The Trail","Adventure","Kongregate","4.0625"
"a2092","Paradise Bay","Casual","King","4.1","b2571","Paradise Bay","Family","King","3.77778"
"a3749","Mini Pets","Casual","Miniclip.com","4.2","b2574","Mini Pets","Entertainment","Miniclip.com","4.65587"
"a144","CarX Drift Racing","Racing","CarX Technologies","4.5","b2576","CarX Drift Racing","Racing","CarX Technologies","4.22581"
"a2034","F18 Carrier Landing Lite","Simulation","RORTOS","4.2","b2580","F18 Carrier Landing Lite","Simulation","RORTOS SRL","4.24389"
"a401","PewDiePie's Tuber Simulator","Casual","Outerminds Inc.","4.8","b2584","PewDiePie's Tuber Simulator","Board","Outerminds Inc.","4.83784"
"a1980","Disney Magic Kingdoms","Simulation","Gameloft","4.2","b2587","Disney Magic Kingdoms","Entertainment","Gameloft","4.2085"
"a1976","Design Home","Simulation","Crowdstar Inc","4.4","b2594","Design Home","Simulation","Crowdstar Inc","4.15339"
"a2411","Daddy Long Legs","Arcade","Set Snail","4.2","b2600","Daddy Long Legs","Arcade","Set Snail","4.37096"
"a1237","FarmVille 2: Country Escape","Casual","Zynga","4.2","b2618","FarmVille 2: Country Escape","Entertainment","Zynga Inc.","4.46821"
"a2414","Paper Toss Boss","Arcade","Backflip Studios, Inc.","4.2","b2626","Paper Toss Boss","Arcade","Backflip Studios","4.69332"
"a646","DEER HUNTER 2017","Action","Glu","4.3","b2627","Deer Hunter 2017","Sports","Glu Games Inc","3.94737"
"a2191","My Talking Angela","Casual","Outfit7","4.4","b2633","My Talking Angela","Simulation","Outfit7 Limited","4.3"
"a1261","My Singing Monsters","Simulation","Big Blue Bubble","4.5","b2636","My Singing Monsters","Simulation","Big Blue Bubble","4.72186"
"a451","Minecraft: Pocket Edition","Arcade","Mojang","4.5","b2642","Minecraft: Pocket Edition","Simulation","Mojang","4.40848"
"a516","My Talking Tom","Casual","Outfit7","4.5","b2643","My Talking Tom","Entertainment","Outfit7 Limited","4.26376"
"a2142","Paper Toss","Casual","Backflip Studios, Inc.","4.0","b2645","Paper Toss","Entertainment","Backflip Studios","4.18966"
"a572","DEER HUNTER CLASSIC","Action","Glu","4.4","b2646","Deer Hunter Classic","Sports","Glu Games Inc","4.48529"
"a1240","Hay Day","Casual","Supercell","4.4","b2647","Hay Day","Simulation","Supercell","4.4652"
"a1422","Dude Perfect","Sports","Dude Perfect","4.0","b2668","Dude Perfect","Family","Dude Perfect","4.61828"
"a1401","Head Soccer La Liga 2017","Sports","Liga de F\u00fatbol Profesional","4.4","b2674","Head Soccer La Liga 2017","Arcade","Liga de Ftbol Profesional","4.76879"
"a1378","Soccer Showdown 2015","Sports","Naquatic LLC","4.0","b2679","Soccer Showdown 2015","Entertainment","Naquatic LLC","4.45687"
"a803","Real Steel","Action","Reliance Big Entertainment (UK) Private Limited","4.1","b2683","Real Steel","Action","Reliance Big Entertainment UK Private Ltd","none"
"a1213","Head Basketball","Sports","D&D Dream","4.4","b2684","Head Basketball","Sports","D&amp;D Dream Corp.","4.66481"
"a1397","Stickman Soccer 2014","Sports","Djinnworks GmbH","4.2","b2686","Stickman Soccer 2014","Action","Djinnworks GmbH","4.30346"
"a1684","Backflip Madness","Arcade","Gamesoul Studio","4.3","b2687","Backflip Madness","Arcade","Gamesoul Studio","4.45115"
"a1426","Rival Stars Basketball","Sports","PIKPOK","4.5","b2690","Rival Stars Basketball","Card","PikPok","4.81818"
"a1427","Basketball Showdown 2015","Sports","Naquatic LLC","4.4","b2693","Basketball Showdown 2015","Sports","Naquatic LLC","4.6133"
"a1431","All-Star Basketball","Sports","Renown Entertainment","4.3","b2697","All-Star BASKETBALL","Sports","Renown Entertainment","4.39175"
"a1359","Boom Boom Football","Sports","Hothead Games","4.0","b2698","Boom Boom Football","Sports","Hothead Games Inc.","4.11111"
"a1244","King of the Course Golf","Sports","ELECTRONIC ARTS","4.0","b2700","King of the Course Golf","Sports","Electronic Arts","3.62256"
"a1357","Football Heroes PRO 2016","Sports","Run Games","4.3","b2727","Football Heroes PRO 2016","Games","Run Games","3.95541"
"a1445","True Skate","Sports","True Axis","4.4","b2734","True Skate","Entertainment","True Axis","3.88596"
"a1391","Stickman Soccer","Sports","Djinnworks GmbH","4.1","b2748","Stickman Soccer","Arcade","Djinnworks GmbH","4.28047"
"a1361","Big Win Football 2016","Sports","Hothead Games","4.0","b2751","Big Win Football 2016","Simulation","Hothead Games Inc.","4.22483"
"a1430","Stickman Basketball","Sports","Djinnworks GmbH","4.1","b2757","Stickman Basketball","Sports","Djinnworks GmbH","4.11792"
"a1448","WWE SuperCard","Sports","2K, Inc.","4.3","b2761","WWE SuperCard","Entertainment","2K","4.06686"
"a1332","BIG WIN Racing","Sports","Hothead Games","3.9","b2763","Big Win Racing","Sports","Hothead Games Inc.","4.07498"
"a1250","TAP SPORTS BASEBALL","Sports","Glu","3.9","b2765","Tap Sports Baseball","Sports","Glu Games Inc","4.34544"
"a1945","2XL MX Offroad","Racing","2XL Games, Inc.","4.0","b2770","2XL MX Offroad","Inc.","2XL Games, Inc.","3.25"
"a1305","Drive Ahead! Sports","Sports","Dodreams Ltd.","4.3","b2773","Drive Ahead! Sports","Sports","Dodreams Fairytale Company Oy","4.15151"
"a1297","Rapala Fishing - Daily Catch","Sports","Concrete Software, Inc.","4.2","b2793","Rapala Fishing - Daily Catch","Sports","Concrete Software, Inc.","4.19231"
"a1288","Ace Fishing: Wild Catch","Sports","Com2uS USA","4.3","b2802","Ace Fishing: Wild Catch","Action","Com2uS USA, Inc.","4.65"
"a1243","Super Stickman Golf 2","Sports","Noodlecake Studios Inc","4.2","b2803","Super Stickman Golf 2","Arcade","Noodlecake Studios Inc","4.6353"
"a1334","Real Boxing 2 ROCKY","Sports","Vivid Games S.A.","4.3","b2804","Real Boxing 2 ROCKY","Action","Vivid Games S.A.","3.66667"
"a1249","Basketball Showdown","Sports","Naquatic LLC","4.1","b2805","Basketball Showdown","Sports","Naquatic LLC","4.46624"
"a2355","Hoppy Frog","Casual","Turbo Chilli","4.2","b2808","Hoppy Frog","Family","Turbo Chilli Pty Ltd","4.59256"
"a1465","TAP SPORTS BASEBALL 2015","Sports","Glu","4.3","b2809","Tap Sports Baseball 2015","Action","Glu Games Inc","4.34101"
"a1414","Trial Xtreme 3","Racing","Deemedya INC","4.3","b2827","Trial Xtreme 3","Sports","Deemedya M.S. Ltd.","4.33544"
"a1403","Score! Hero","Sports","First Touch","4.6","b2830","Score! Hero","Sports","First Touch Games Ltd.","4.6875"
"a1400","Score! World Goals","Sports","First Touch","4.4","b2836","Score! World Goals","Sports","First Touch Games Ltd.","4.6608"
"a1290","WGT Golf Game by Topgolf","Sports","WGT","4.2","b2838","WGT Golf Game by Topgolf","Simulation","WGT","4.77907"
"a1309","Real Boxing","Sports","Vivid Games S.A.","4.2","b2840","Real Boxing","Action","Vivid Games S.A.","4.42387"
"a62","VEGA Conflict","Strategy","KIXEYE","4.2","b2855","VEGA Conflict","Action","KIXEYE","4.34375"
"a1566","OMG: TD!","Action","Yodo1 Games","4.0","b2856","OMG: TD!","Games","Yodo1 Games","4.36313"
"a1475","FIFA Mobile Soccer","Sports","ELECTRONIC ARTS","4.2","b2862","FIFA Mobile Soccer","Sports","Electronic Arts","4.12477"
"a1234","Bowling King","Sports","Miniclip.com","4.6","b2863","Bowling King","Arcade","Miniclip.com","4.38095"
"a792","Battle Islands","Strategy","505 Games Srl","4.0","b2865","Battle Islands","Strategy","505 Games (US), Inc.","4.0"
"a577","Real Steel World Robot Boxing","Action","Reliance Big Entertainment (UK) Private Limited","4.4","b2868","Real Steel World Robot Boxing","Sports","Reliance Big Entertainment UK Private Ltd","4.45774"
"a1207","Archery King","Sports","Miniclip.com","4.5","b2870","Archery King","Sports","Miniclip.com","4.30319"
"a1398","Soccer Stars","Sports","Miniclip.com","4.4","b2872","Soccer Stars","Sports","Miniclip.com","4.32667"
"a1396","Head Soccer","Sports","D&D Dream","4.3","b2878","Head Soccer","Sports","D&amp;D Dream Corp.","4.77992"
"a1471","Basketball Stars","Sports","Miniclip.com","4.4","b2881","Basketball Stars","Sports","Miniclip.com","4.47208"
"a738","Battle Beach","Arcade","Ember Entertainment","4.4","b2886","Battle Beach","Action","Ember Entertainment","3.80687"
"a572","DEER HUNTER CLASSIC","Action","Glu","4.4","b2889","Deer Hunter Challenge","Sports","Glu Games Inc","4.32157"
"a3711","NBA LIVE Mobile Basketball","Sports","ELECTRONIC ARTS","4.4","b2895","NBA LIVE Mobile Basketball","Simulation","Electronic Arts","4.20751"
"a445","Dumb Ways to Die 2: The Games","Casual","Metro Trains","4.2","b2898","Dumb Ways to Die 2: The Games","Metro Trains Melbourne Pty Ltd","Metro Trains Melbourne Pty Ltd","3.82927"
"a162","Narcos: Cartel Wars","Strategy","FTX Games LTD","4.6","b2903","Narcos: Cartel Wars","Entertainment","FTX Games Ltd","3302 Ratings"
"a1205","8 Ball Pool","Sports","Miniclip.com","4.5","b2905","8 Ball Pool","Entertainment","Miniclip.com","4.35832"
"a2602","SAMURAI vs ZOMBIES DEFENSE 2","Action","Glu","4.5","b2914","Samurai vs Zombies Defense 2","Action","Glu Games Inc","4.3552"
"a1973","Bakery Blitz: Cooking Game","Simulation","Rockyou Inc.","4.1","b2918","Bakery Blitz: Cooking Game","Strategy","RockYou, Inc.","3.51087"
"a967","Alien Creeps TD","Strategy","Outplay Entertainment Ltd","4.4","b2948","Alien Creeps TD","Strategy","Outplay Entertainment Ltd","15562 Ratings"
"a164","War Commander: Rogue Assault","Strategy","KIXEYE","4.3","b2951","War Commander: Rogue Assault","Strategy","KIXEYE","4.6238"
"a2293","Bloons TD 4","Casual","ninja kiwi","3.8","b2953","Bloons TD 4","Strategy","Ninja Kiwi","4.56365"
"a745","RISK: Global Domination","Strategy","SMG Studio","4.1","b2959","RISK: Global Domination","Strategy","SMG Studio","3.73333"
"a48","Total Domination - Reborn","Strategy","Plarium Global Ltd","3.9","b2967","Total Domination - Reborn","Entertainment","Plarium Global Ltd","4.05881"
"a712","The Battle Cats","Casual","PONOS","4.4","b2975","The Battle Cats","Strategy","PONOS","4.6699"
"a145","Vikings: War of Clans","Strategy","Plarium LLC","4.4","b2979","Vikings: War of Clans","Action","Plarium LLC","4.18681"
"a255","Maleficent Free Fall","Puzzle","Disney","4.3","b2981","Maleficent Free Fall","Strategy","Disney","4.72989"
"a962","Invasion: Modern Empire","Strategy","tap4fun","4.2","b2995","Invasion: Modern Empire","Entertainment","Tap4Fun","4.39286"
"a857","Five Nights at Freddy's","Action","Scott Cawthon","4.5","b3005","Five Nights at Freddy's","Strategy","Scott Cawthon","4.27099"
"a1971","Egg, Inc.","Simulation","Auxbrain Inc","4.7","b3014","Egg, Inc.","Strategy","Auxbrain, Inc.","4.83647"
"a49","Forge of Empires","Strategy","InnoGames GmbH","4.4","b3016","Forge of Empires","Simulation","InnoGames","13507 Ratings"
"a965","Bloons TD 5","Strategy","ninja kiwi","4.6","b3017","Bloons TD 5","Action","Ninja Kiwi","4.5913"
"a2257","Diner Dash","Casual","Glu","4.1","b3019","Diner Dash","Entertainment","Glu Games Inc","3.84479"
"a773","King of Thieves","Strategy","ZeptoLab","4.5","b3034","King of Thieves","Action","ZeptoLab UK Limited","4.51613"
"a59","War Dragons","Strategy","Pocket Gems","4.1","b3038","War Dragons","Entertainment","Pocket Gems, Inc.","4.53731"
"a2262","COOKING DASH","Casual","Glu","4.2","b3042","Cooking Dash","Entertainment","Glu Games Inc","4.02941"
"a2638","Nemo's Reef","Strategy","Disney","4.0","b3044","Nemo's Reef","Entertainment","Disney","2.94706"
"a1559","Chess With Friends Free","Board","Zynga","4.3","b3045","Chess With Friends Free","Strategy","Zynga Inc.","4.1898"
"a695","World of Tanks Blitz","Action","Wargaming Group","4.3","b3052","World of Tanks Blitz","Strategy","WARGAMING Group Limited","3.825"
"a109","Bloons TD Battles","Strategy","ninja kiwi","4.4","b3063","Bloons TD Battles","Strategy","Ninja Kiwi","4.66406"
"a2814","Chess Free","Board","Optime Software","4.0","b3066","Chess Free","Strategy","Optime Software LLC","3.97327"
"a1294","SimCity BuildIt","Simulation","ELECTRONIC ARTS","4.4","b3068","SimCity BuildIt","Simulation","Electronic Arts","4.4867"
"a964","Castle Clash: Rise of Beasts","Strategy","IGG.COM","4.6","b3069","Castle Clash: Rise of Beasts","Action","IGG.COM","3.69272"
"a966","Boom Beach","Strategy","Supercell","4.5","b3072","Boom Beach","Strategy","Supercell","4.24474"
"a107","Clash Royale","Strategy","Supercell","4.5","b3073","Clash Royale","Strategy","Supercell","4.29331"
"a2200","Cooking Fever","Arcade","Nordcurrent","4.4","b3074","Cooking Fever","Entertainment","Nordcurrent","4.47539"
"a161","Clash of Clans","Strategy","Supercell","4.6","b3076","Clash of Clans","Action","Supercell","4.45873"
"a1312","Quiz of Kings","Trivia","Elyas Nadali","4.2","b3165","Quiz of Kings","Education","Elyas Nadali","3.45"
"a1523","Trivia Crack (Ad free)","Trivia","Etermax","4.6","b3205","Trivia Crack (Ad Free)","Entertainment","Etermax","none"
"a1515","Trivia Crack Kingdoms","Trivia","Etermax","4.4","b3215","Trivia Crack Kingdoms","Entertainment","Etermax","3.60714"
"a1538","Trivia Crack","Trivia","Etermax","4.5","b3230","Trivia Crack","Family","Etermax","3.82813"
"a182","Free Word Search Puzzles","Word","Devarai Wordplay","4.2","b3271","Free Word Search Puzzles","Word","Devarai","4.36774"
"a25","Wordox The Word Snatcher","Word","IsCool Entertainment","4.3","b3294","Wordox The Word Snatcher","Entertainment","IsCool Entertainment","3321 Ratings"
"a1439","Hanging With Friends","Word","Zynga","4.2","b3360","Hanging With Friends","Word","Zynga Inc.","53844 Ratings"
"a153","Psych! Outwit Your Friends","Word","Warner Bros. International Enterprises","4.2","b3372","Psych! Outwit Your Friends","Family","Warner Bros.","3.04242"
"a265","Word Crack Free","Word","Etermax","4.2","b3375","Word Crack Free","Dice","Etermax","4.44031"
"a15","Four Letters","Word","PIKPOK","4.4","b3381","Four Letters","Word","PikPok","4.37764"
"a379","AlphaBetty Saga","Puzzle","King","4.2","b3428","AlphaBetty Saga","Puzzle","King","4.2027"
"a1190","Draw Something","Word","OMGPOP","4.0","b3436","Draw Something","Word","OMGPOP","361119 Ratings"
"a3224","Scribblenauts Remix","Puzzle","Warner Bros. International Enterprises","4.2","b3437","Scribblenauts Remix","Puzzle","Warner Bros.","4.21978"
"a239","7 Little Words","Word","Blue Ox Technologies Ltd.","4.7","b3444","7 Little Words","Word","Blue Ox Technologies Ltd.","60816 Ratings"
"a1505","Hangman Free","Word","Optime Software","3.8","b3447","Hangman Free","Entertainment","Optime Software LLC","4.1414"
"a1497","Heads Up!","Word","Warner Bros. International Enterprises","4.1","b3454","Heads Up!","Entertainment","Warner Bros.","4.62564"
"a1504","Guess The Emoji","Word","Random Logic Games, LLC","4.4","b3458","Guess The Emoji","Entertainment","Conversion, LLC","4.49519"
"a246","4 Pics 1 Word","Word","LOTUM GmbH","4.4","b3466","4 Pics 1 Word","Word","LOTUM GmbH","4.31496"
"a1442","Words With Friends Classic","Word","Zynga","4.3","b3469","Words With Friends Classic","Word","Zynga Inc.","3.12162"
"a2513","8bit Ninja","Action","DogByte Games","3.9","b3482","8bit Ninja","Role Playing","Dogbyte Games Kft.","4.38923"
"a1255","Pocket Politics","Simulation","Kongregate","4.1","b3483","Pocket Politics","Role Playing","Kongregate","3.0"
"a210","Crusaders Quest","Role Playing","NHN Entertainment Corp.","4.4","b3489","Crusaders Quest","Action","NHN Entertainment Corp.","4.75"
"a119","Tap Titans 2","Role Playing","Game Hive Corporation","4.8","b3491","Tap Titans 2","Adventure","Game Hive Corp.","4.15179"
"a2597","Empire Z: Endless War","Strategy","Ember Entertainment","4.2","b3503","Empire Z: Endless War","Entertainment","Ember Entertainment","4.09999"
"a892","Throne Rush","Strategy","NEXTERS","4.4","b3506","Throne Rush","Strategy","Nexters Global LTD","4.71429"
"a1214","Punch Hero","Sports","GAMEVIL Inc.","4.4","b3528","Punch Hero","Role Playing","GAMEVIL USA, Inc.","4.21917"
"a893","Mini Warriors","Strategy","Triniti Interactive Ltd.","4.3","b3534","Mini Warriors","Entertainment","Triniti Interactive Limited","4.375"
"a175","FINAL FANTASY BRAVE EXVIUS","Role Playing","SQUARE ENIX Co.,Ltd.","4.6","b3545","FINAL FANTASY BRAVE EXVIUS","Role Playing","SQUARE ENIX INC","4.61956"
"a1026","Galaxy Legend","Role Playing","Tap4fun Corp., Ltd.","4.2","b3548","Galaxy Legend","Strategy","Tap4Fun Game Ltd","4218 Ratings"
"a2226","Angry Birds Fight! RPG Puzzle","Puzzle","Rovio Entertainment Ltd.","4.3","b3553","Angry Birds Fight! RPG Puzzle","Action","Rovio Entertainment Ltd","4.46575"
"a882","Unison League","Role Playing","Ateam Inc.","4.6","b3564","Unison League","Action","Ateam Inc.","4.57143"
"a2539","ZOMBIES ATE MY FRIENDS","Adventure","Glu","4.4","b3566","Zombies Ate My Friends","Entertainment","Glu Games Inc","4.53284"
"a936","SMASH Monsters - City Rampage","Role Playing","A Thinking Ape Entertainment Ltd.","4.3","b3573","Smash Monsters - City Rampage","Strategy","A Thinking Ape Entertainment Ltd.","6955 Ratings"
"a847","Taichi Panda","Role Playing","Snail Games USA Inc","4.1","b3578","Taichi Panda","Role Playing","Snail Games USA Inc.","4.0"
"a943","Mighty Monsters","Role Playing","Uken Games","4.1","b3599","Mighty Monsters","Games","Uken Games","4.41176"
"a2523","Cartoon Wars: Gunner+","Arcade","GAMEVIL Inc.","4.6","b3610","Cartoon Wars: Gunner+","Role Playing","GAMEVIL USA, Inc.","4.79384"
"a168","DC Legends","Role Playing","Warner Bros. International Enterprises","4.5","b3613","DC Legends","Strategy","Warner Bros.","4.26535"
"a2834","Hard Time (Prison Sim)","Adventure","MDickie","4.2","b3616","Hard Time (Prison Sim)","Adventure","MDickie","3.75"
"a1967","Dear Diary - Interactive Story","Simulation","Tapps Games","4.2","b3626","Dear Diary - Interactive Story","Role Playing","Tapps Tecnologia da Informao Ltda.","4.57834"
"a1011","Dungeon Boss","Role Playing","Big Fish Games","4.4","b3632","Dungeon Boss","Inc","Big Fish Games, Inc","4.23754"
"a642","Beat the Boss 4","Action","Game Hive Corporation","4.3","b3636","Beat the Boss 4","Role Playing","Game Hive Corp.","4.08474"
"a111","Tap Titans","Role Playing","Game Hive Corporation","4.7","b3637","Tap Titans","Adventure","Game Hive Corp.","4.77069"
"a464","STARDOM: HOLLYWOOD","Adventure","Glu","4.2","b3641","Stardom: Hollywood","Entertainment","Glu Games Inc","4.63131"
"a944","Brave Frontier","Role Playing","gumi Inc.","4.4","b3649","Brave Frontier","Adventure","gumi Inc.","4.59346"
"a215","Dungeon Hunter 4","Role Playing","Gameloft","4.5","b3651","Dungeon Hunter 4","Action","Gameloft","4.57347"
"a1087","MARVEL Future Fight","Role Playing","Netmarble Games","4.6","b3657","MARVEL Future Fight","Action","Netmarble Games Corp.","4.13019"
"a723","Lords Mobile","Strategy","IGG.COM","4.5","b3663","Lords Mobile","Entertainment","IGG.COM","4.20559"
"a1975","Fire Emblem Heroes","Simulation","Nintendo Co., Ltd.","4.6","b3675","Fire Emblem Heroes","Strategy","Nintendo Co., Ltd.","4.6323"
"a1469","BIG WIN Basketball","Sports","Hothead Games","4.1","b3684","BIG WIN Basketball","Sports","Hothead Games Inc.","4.09202"
"a840","Shadow Fight 2","Action","NEKKI","4.6","b3687","Shadow Fight 2","Games","Nekki Games","4.66952"
"a1618","Angry Birds Epic RPG","Role Playing","Rovio Entertainment Ltd.","4.5","b3689","Angry Birds Epic RPG","Adventure","Rovio Entertainment Ltd","4.69513"
"a169","Summoners War","Role Playing","Com2uS","4.3","b3690","Summoners War","Role Playing","Com2uS Corp.","4.22642"
"a841","Kill Shot","Simulation","Hothead Games","4.3","b3693","Kill Shot","Role Playing","Hothead Games Inc.","4.49533"
